{"sections":{"hero_jVaWmY":{"type":"hero","blocks":{"text_YLPk4p":{"type":"text","name":"t:names.heading","settings":{"text":"<p>Working on our website <\/p>","width":"fit-content","max_width":"normal","alignment":"left","type_preset":"h2","font":"var(--font-body--family)","font_size":"1rem","line_height":"normal","letter_spacing":"normal","case":"none","wrap":"pretty","color":"var(--color-foreground-heading)","background":false,"background_color":"#00000026","corner_radius":0,"padding-block-start":0,"padding-block-end":0,"padding-inline-start":0,"padding-inline-end":0},"blocks":{}},"button_H9gpTf":{"type":"button","name":"t:names.button","settings":{"label":"Shop all","link":"shopify:\/\/collections\/all","open_in_new_tab":false,"style_class":"button-secondary","width":"fit-content","custom_width":100,"width_mobile":"fit-content","custom_width_mobile":100},"blocks":{}}},"block_order":["text_YLPk4p","button_H9gpTf"],"name":"t:names.hero","settings":{"media_type_1":"video","image_1":"shopify:\/\/shop_images\/Project_Capture_134.jpg","video_1":"shopify:\/\/files\/videos\/lv_0_20250806215825.mp4","media_type_2":"image","link":"","open_in_new_tab":false,"content_direction":"column","vertical_on_mobile":true,"horizontal_alignment":"space-between","vertical_alignment":"flex-end","align_baseline":true,"horizontal_alignment_flex_direction_column":"center","vertical_alignment_flex_direction_column":"flex-end","gap":24,"section_width":"page-width","section_height":"medium","section_height_custom":50,"color_scheme":"scheme-6","toggle_overlay":true,"overlay_color":"#12121266","overlay_style":"solid","gradient_direction":"to bottom","blurred_reflection":false,"reflection_opacity":75,"padding-block-start":100,"padding-block-end":72}},"product_list_fa6P9H":{"type":"product-list","blocks":{"static-header":{"type":"_product-list-content","name":"t:names.header","static":true,"settings":{"content_direction":"row","vertical_on_mobile":false,"horizontal_alignment":"space-between","vertical_alignment":"flex-end","align_baseline":true,"horizontal_alignment_flex_direction_column":"flex-start","vertical_alignment_flex_direction_column":"center","gap":12,"width":"fill","custom_width":100,"width_mobile":"fill","custom_width_mobile":100,"height":"fit","custom_height":100,"inherit_color_scheme":true,"color_scheme":"","background_media":"none","video_position":"cover","background_image_position":"cover","border":"none","border_width":1,"border_opacity":100,"border_radius":0,"padding-block-start":0,"padding-block-end":0,"padding-inline-start":0,"padding-inline-end":0},"blocks":{"product_list_text_YFtzcL":{"type":"_product-list-text","name":"t:names.collection_title","settings":{"text":"<h2>Clothing<\/h2>","width":"fit-content","max_width":"normal","alignment":"left","type_preset":"rte","font":"var(--font-body--family)","font_size":"","line_height":"normal","letter_spacing":"normal","case":"none","wrap":"pretty","color":"var(--color-foreground)","background":false,"background_color":"#00000026","corner_radius":0,"padding-block-start":0,"padding-block-end":0,"padding-inline-start":0,"padding-inline-end":0},"blocks":{}},"product_list_button_MWeP9V":{"type":"_product-list-button","name":"t:names.product_list_button","settings":{"label":"View all","open_in_new_tab":false,"style_class":"link","width":"fit-content","custom_width":100,"width_mobile":"fit-content","custom_width_mobile":100},"blocks":{}}},"block_order":["product_list_text_YFtzcL","product_list_button_MWeP9V"]},"static-product-card":{"type":"_product-card","name":"t:names.product_card","static":true,"settings":{"product_card_gap":4,"inherit_color_scheme":true,"color_scheme":"","border":"none","border_width":1,"border_opacity":100,"border_radius":0,"padding-block-start":0,"padding-block-end":0,"padding-inline-start":0,"padding-inline-end":0},"blocks":{"product_card_gallery_677WP3":{"type":"_product-card-gallery","name":"t:names.product_card_media","settings":{"image_ratio":"adapt","border":"none","border_width":1,"border_opacity":100,"border_radius":0,"padding-block-start":0,"padding-block-end":0,"padding-inline-start":0,"padding-inline-end":0},"blocks":{}},"product_title_YXxMTj":{"type":"product-title","name":"t:names.product_title","settings":{"width":"100%","max_width":"normal","alignment":"left","type_preset":"rte","font":"var(--font-body--family)","font_size":"1rem","line_height":"normal","letter_spacing":"normal","case":"none","wrap":"pretty","color":"var(--color-foreground)","background":false,"background_color":"#00000026","corner_radius":0,"padding-block-start":4,"padding-block-end":0,"padding-inline-start":0,"padding-inline-end":0},"blocks":{}},"price_JQzVV4":{"type":"price","name":"t:names.product_price","settings":{"show_sale_price_first":true,"show_installments":false,"show_tax_info":false,"type_preset":"h6","width":"100%","alignment":"left","font":"var(--font-body--family)","font_size":"1rem","line_height":"normal","letter_spacing":"normal","case":"none","color":"var(--color-foreground)","padding-block-start":0,"padding-block-end":0,"padding-inline-start":0,"padding-inline-end":0},"blocks":{}}},"block_order":["product_card_gallery_677WP3","product_title_YXxMTj","price_JQzVV4"]}},"name":"Featured collection","settings":{"collection":"all","layout_type":"grid","carousel_on_mobile":false,"max_products":8,"columns":4,"mobile_columns":"2","mobile_card_size":"60cqw","columns_gap":8,"rows_gap":24,"icons_style":"arrow","icons_shape":"none","section_width":"page-width","horizontal_alignment":"flex-start","gap":86,"color_scheme":"scheme-1","padding-block-start":48,"padding-block-end":48}},"marquee_EQnfNQ":{"type":"marquee","blocks":{"text_UEDgxD":{"type":"text","settings":{"text":"<p>For those who think too much and feel even more<\/p>","width":"fit-content","max_width":"normal","alignment":"left","type_preset":"custom","font":"var(--font-body--family)","font_size":"1rem","line_height":"tight","letter_spacing":"tight","case":"none","wrap":"nowrap","color":"var(--color-foreground)","background":false,"background_color":"#00000026","corner_radius":0,"padding-block-start":0,"padding-block-end":0,"padding-inline-start":0,"padding-inline-end":0},"blocks":{}}},"block_order":["text_UEDgxD"],"name":"t:names.marquee_section","settings":{"movement_direction":"normal","color_scheme":"","padding-block-start":24,"padding-block-end":24,"gap_between_elements":24}},"collection_list_MFy3fz":{"type":"collection-list","blocks":{"group_ciaKKa":{"type":"group","name":"t:names.header","settings":{"link":"","open_in_new_tab":false,"content_direction":"column","vertical_on_mobile":true,"horizontal_alignment":"flex-start","vertical_alignment":"center","align_baseline":false,"horizontal_alignment_flex_direction_column":"flex-start","vertical_alignment_flex_direction_column":"center","gap":12,"width":"fill","custom_width":100,"width_mobile":"fill","custom_width_mobile":100,"height":"fit","custom_height":100,"inherit_color_scheme":true,"color_scheme":"","background_media":"none","video_position":"cover","background_image_position":"cover","border":"none","border_width":1,"border_opacity":100,"border_radius":0,"placeholder":"","toggle_overlay":false,"overlay_color":"#00000026","overlay_style":"solid","gradient_direction":"to top","padding-block-start":0,"padding-block-end":0,"padding-inline-start":0,"padding-inline-end":0},"blocks":{"text_bGzT6E":{"type":"text","name":"t:names.text","settings":{"text":"<h2>Our Collections<\/h2>","width":"fit-content","max_width":"normal","alignment":"left","type_preset":"rte","font":"var(--font-body--family)","font_size":"1rem","line_height":"normal","letter_spacing":"normal","case":"none","wrap":"pretty","color":"var(--color-foreground)","background":false,"background_color":"#00000026","corner_radius":0,"padding-block-start":0,"padding-block-end":0,"padding-inline-start":0,"padding-inline-end":0},"blocks":{}}},"block_order":["text_bGzT6E"]},"static-collection-card":{"type":"_collection-card","name":"t:names.collection_card","static":true,"settings":{"placement":"on_image","horizontal_alignment":"flex-start","vertical_alignment":"center","collection_card_gap":8,"inherit_color_scheme":true,"color_scheme":"","border":"none","border_width":10,"border_opacity":100,"border_radius":15},"blocks":{"collection_title_REQgBa":{"type":"collection-title","name":"t:names.collection_title","settings":{"width":"fit-content","max_width":"normal","alignment":"left","type_preset":"h3","font":"var(--font-body--family)","font_size":"1rem","line_height":"normal","letter_spacing":"normal","case":"none","wrap":"pretty","color":"var(--color-foreground)","background":true,"background_color":"#000000","corner_radius":0,"padding-block-start":4,"padding-block-end":0,"padding-inline-start":0,"padding-inline-end":0},"blocks":{}},"collection-card-image":{"type":"_collection-card-image","name":"t:names.collection_card_image","static":true,"settings":{"image_ratio":"adapt","toggle_overlay":false,"overlay_color":"#00000026","overlay_style":"solid","gradient_direction":"to top","border":"none","border_width":1,"border_opacity":100,"border_radius":0},"blocks":{}}},"block_order":["collection_title_REQgBa"]}},"block_order":["group_ciaKKa"],"name":"t:names.collections_editorial","settings":{"collection_list":["pantalones","t-shirts","tough-love","devils-ace"],"layout_type":"carousel","carousel_on_mobile":false,"columns":3,"mobile_columns":"2","mobile_card_size":"60cqw","columns_gap":8,"bento_gap":8,"rows_gap":8,"max_collections":4,"icons_style":"arrow","icons_shape":"none","section_width":"page-width","gap":25,"color_scheme":"","padding-block-start":49,"padding-block-end":48}},"collection_links_kU6yiM":{"type":"collection-links","blocks":{"link":{"type":"_collection-link","static":true,"settings":{"show_count":true},"blocks":{"title":{"type":"_inline-collection-title","name":"t:names.title","static":true,"settings":{"font":"var(--font-accent--family)","weight":"","line_height":"normal","letter_spacing":"loose","case":"uppercase"},"blocks":{}},"image":{"type":"_image","static":true,"settings":{"height":"medium","ratio":"square","border_radius":0},"blocks":{}}},"block_order":[]}},"name":"t:names.collection_links_spotlight","settings":{"collection_list":["devils-ace","pantalones","t-shirts","tough-love"],"layout":"spotlight","section_width":"page-width","alignment":"left","image_position":"right","color_scheme":"","padding-block-start":40,"padding-block-end":40}}},"order":["hero_jVaWmY","product_list_fa6P9H","marquee_EQnfNQ","collection_list_MFy3fz","collection_links_kU6yiM"]}