{"type":"header","name":"Header","sections":{"header_announcements_9jGBFp":{"type":"header-announcements","blocks":{"announcement_BxgCk9":{"type":"_announcement","settings":{"text":"Overthinker - Tough Love in every thread","link":"","font":"var(--font-heading--family)","font_size":"0.75rem","weight":"","letter_spacing":"loose","case":"none"},"blocks":{}}},"block_order":["announcement_BxgCk9"],"name":"t:names.announcement_bar","settings":{"speed":5,"section_width":"page-width","color_scheme":"scheme-1","divider_width":1,"padding-block-start":15,"padding-block-end":15}},"header_section":{"type":"header","blocks":{"header-logo":{"type":"_header-logo","static":true,"settings":{"hide_logo_on_home_page":false,"custom_height":36,"custom_height_mobile":28,"padding-block-start":0,"padding-block-end":0,"padding-inline-start":0,"padding-inline-end":0},"blocks":{}},"header-menu":{"type":"_header-menu","static":true,"settings":{"menu":"main-menu","menu_style":"featured_products","featured_products_aspect_ratio":"4 \/ 5","featured_collections_aspect_ratio":"16 \/ 9","image_border_radius":0,"product_title_case":"default","collection_title_case":"default","color_scheme":"","menu_font_style":"inverse","type_font_primary_link":"body","type_font_primary_size":"0.875rem","type_case_primary_link":"none","type_font_secondary_link":"body","type_case_secondary_link":"none","type_font_tertiary_link":"body","type_case_tertiary_link":"none","navigation_bar":true,"color_scheme_navigation_bar":"scheme-1","drawer_accordion":false,"drawer_accordion_expand_first":false,"drawer_dividers":false},"blocks":{}}},"settings":{"logo_position":"left","menu_position":"left","menu_row":"top","show_search":true,"search_position":"right","search_row":"top","show_country":false,"country_selector_style":true,"show_language":true,"localization_font":"heading","localization_font_size":"0.875rem","localization_position":"right","localization_row":"top","section_width":"page-width","section_height":"standard","enable_sticky_header":"always","divider_width":0,"divider_size":"page-width","border_width":0,"color_scheme_top":"scheme-1","color_scheme_bottom":"","color_scheme_transparent":"scheme-6","enable_transparent_header_home":true,"home_color_scheme":"inverse","enable_transparent_header_product":false,"product_color_scheme":"default","enable_transparent_header_collection":false,"collection_color_scheme":"default"}}},"order":["header_announcements_9jGBFp","header_section"]}